<?xml version="1.0"?>
<componentPackage>

    <component id="Accordion" class="mx.containers.Accordion"/>
    <component id="AddChildAction" class="mx.effects.AddChildAction"/>
    <component id="AnimateProperty" class="mx.effects.AnimateProperty"/>
    <component id="Application" class="mx.core.Application"/>
    <component id="ApplicationControlBar" class="mx.containers.ApplicationControlBar"/>
    <component id="ArrayCollection" class="mx.collections.ArrayCollection"/>
    <component id="Blur" class="mx.effects.Blur"/>
    <component id="Box" class="mx.containers.Box"/>
    <component id="Button" class="mx.controls.Button"/>
    <component id="ButtonBar" class="mx.controls.ButtonBar"/>
    <component id="Canvas" class="mx.containers.Canvas"/>
    <component id="CheckBox" class="mx.controls.CheckBox"/>
    <component id="ColorPicker" class="mx.controls.ColorPicker"/>
    <component id="ComboBox" class="mx.controls.ComboBox"/>
    <component id="Container" class="mx.core.Container"/>
    <component id="ControlBar" class="mx.containers.ControlBar"/>
    <component id="CurrencyFormatter" class="mx.formatters.CurrencyFormatter"/>
    <component id="CurrencyValidator" class="mx.validators.CurrencyValidator"/>
    <component id="CreditCardValidator" class="mx.validators.CreditCardValidator"/>
    <component id="DataGrid" class="mx.controls.DataGrid"/>
    <component id="DataGridItemRenderer" class="mx.controls.dataGridClasses.DataGridItemRenderer"/>
    <component id="DataGridColumn" class="mx.controls.dataGridClasses.DataGridColumn"/>
    <component id="DateChooser" class="mx.controls.DateChooser"/>
    <component id="DateField" class="mx.controls.DateField"/>
    <component id="DateFormatter" class="mx.formatters.DateFormatter"/>
    <component id="DateValidator" class="mx.validators.DateValidator"/>
    <component id="Dissolve" class="mx.effects.Dissolve"/>
    <component id="DividedBox" class="mx.containers.DividedBox"/>
    <component id="EmailValidator" class="mx.validators.EmailValidator"/>
    <component id="Fade" class="mx.effects.Fade"/>
    <component id="Form" class="mx.containers.Form"/>
    <component id="FormHeading" class="mx.containers.FormHeading"/>
    <component id="FormItem" class="mx.containers.FormItem"/>
    <component id="Glow" class="mx.effects.Glow"/>
    <component id="Grid" class="mx.containers.Grid"/>
    <component id="GridItem" class="mx.containers.GridItem"/>
    <component id="GridRow" class="mx.containers.GridRow"/>
    <component id="HBox" class="mx.containers.HBox"/>
    <component id="HDividedBox" class="mx.containers.HDividedBox"/>
    <component id="HorizontalList" class="mx.controls.HorizontalList"/>
    <component id="HRule" class="mx.controls.HRule"/>
    <component id="HScrollBar" class="mx.controls.HScrollBar"/>
    <component id="HSlider" class="mx.controls.HSlider"/>
    <component id="Image" class="mx.controls.Image"/>
    <component id="Iris" class="mx.effects.Iris"/>
    <component id="Label" class="mx.controls.Label"/>
    <component id="LinkButton" class="mx.controls.LinkButton"/>
    <component id="LinkBar" class="mx.controls.LinkBar"/>
    <component id="List" class="mx.controls.List"/>
    <component id="ListCollectionView" class="mx.collections.ListCollectionView" />
    <component id="MaskEffect" class="mx.effects.MaskEffect"/>
    <component id="MenuBar" class="mx.controls.MenuBar"/>
    <component id="MiniDebugTarget" class="mx.logging.targets.MiniDebugTarget" />
    <component id="Module" class="mx.modules.Module" />
    <component id="ModuleLoader" class="mx.modules.ModuleLoader" />
    <component id="Move" class="mx.effects.Move"/>
    <component id="NumberFormatter" class="mx.formatters.NumberFormatter"/>
    <component id="NumericStepper" class="mx.controls.NumericStepper"/>
    <component id="NumberValidator" class="mx.validators.NumberValidator"/>
    <component id="Panel" class="mx.containers.Panel"/>
    <component id="Parallel" class="mx.effects.Parallel"/>
    <component id="Pause" class="mx.effects.Pause"/>
    <component id="PhoneFormatter" class="mx.formatters.PhoneFormatter"/>
    <component id="PhoneNumberValidator" class="mx.validators.PhoneNumberValidator"/>
    <component id="PopUpButton" class="mx.controls.PopUpButton"/>
    <component id="PopUpMenuButton" class="mx.controls.PopUpMenuButton"/>
    <component id="ProgressBar" class="mx.controls.ProgressBar"/>
    <component id="PrintDataGrid" class="mx.printing.PrintDataGrid"/>
    <component id="RadioButton" class="mx.controls.RadioButton"/>
    <component id="RadioButtonGroup" class="mx.controls.RadioButtonGroup"/>
    <component id="RichTextEditor" class="mx.controls.RichTextEditor"/>
    <component id="RegExpValidator" class="mx.validators.RegExpValidator"/>
    <component id="RemoveChildAction" class="mx.effects.RemoveChildAction"/>
    <component id="Repeater" class="mx.core.Repeater"/>
    <component id="Resize" class="mx.effects.Resize"/>
    <component id="Rotate" class="mx.effects.Rotate"/>
    <component id="Sequence" class="mx.effects.Sequence"/>
    <component id="SetPropertyAction" class="mx.effects.SetPropertyAction" />
    <component id="SetStyleAction" class="mx.effects.SetStyleAction" />
    <component id="Spacer" class="mx.controls.Spacer"/>
    <component id="Sprite" class="flash.display.Sprite" lookupOnly="true"/>
    <component id="SocialSecurityValidator" class="mx.validators.SocialSecurityValidator"/>
    <component id="Sort" class="mx.collections.Sort"/>
    <component id="SortField" class="mx.collections.SortField"/>
    <component id="SoundEffect" class="mx.effects.SoundEffect"/>
    <component id="StringValidator" class="mx.validators.StringValidator"/>
    <component id="SWFLoader" class="mx.controls.SWFLoader"/>
    <component id="TabBar" class="mx.controls.TabBar"/>
    <component id="TabNavigator" class="mx.containers.TabNavigator"/>
    <component id="Text" class="mx.controls.Text"/>
    <component id="TextArea" class="mx.controls.TextArea"/>
    <component id="TextInput" class="mx.controls.TextInput"/>
    <component id="Tile" class="mx.containers.Tile"/>
    <component id="TileList" class="mx.controls.TileList"/>
    <component id="TitleWindow" class="mx.containers.TitleWindow"/>
    <component id="ToggleButtonBar" class="mx.controls.ToggleButtonBar"/>
    <component id="ToolBar" class="mx.controls.richTextEditorClasses.ToolBar"/>
    <component id="TraceTarget" class="mx.logging.targets.TraceTarget" />
    <component id="Tree" class="mx.controls.Tree"/>
    <component id="UIComponent" class="mx.core.UIComponent"/>
    <component id="VBox" class="mx.containers.VBox"/>
    <component id="VDividedBox" class="mx.containers.VDividedBox"/>
    <component id="VideoDisplay" class="mx.controls.VideoDisplay" />
    <component id="ViewStack" class="mx.containers.ViewStack"/>
    <component id="VRule" class="mx.controls.VRule"/>
    <component id="VScrollBar" class="mx.controls.VScrollBar"/>
    <component id="VSlider" class="mx.controls.VSlider"/>
    <component id="Validator" class="mx.validators.Validator"/>
    <component id="WipeDown" class="mx.effects.WipeDown"/>
    <component id="WipeLeft" class="mx.effects.WipeLeft"/>
    <component id="WipeRight" class="mx.effects.WipeRight"/>
    <component id="WipeUp" class="mx.effects.WipeUp"/>
    <component id="XMLListCollection" class="mx.collections.XMLListCollection"/>
    <component id="ZipCodeFormatter" class="mx.formatters.ZipCodeFormatter"/>
    <component id="ZipCodeValidator" class="mx.validators.ZipCodeValidator"/>
    <component id="Zoom" class="mx.effects.Zoom"/>

    <!-- primitives -->
    <component id="Array" class="Array" lookupOnly="true"/>
    <component id="Boolean" class="Boolean" lookupOnly="true"/>
    <component id="Date" class="Date" lookupOnly="true"/>
    <component id="Number" class="Number" lookupOnly="true"/>
    <component id="int" class="int" lookupOnly="true"/>
    <component id="uint" class="uint" lookupOnly="true"/>
    <component id="String" class="String" lookupOnly="true"/>
    <component id="Object" class="Object" lookupOnly="true"/>
    <component id="Class" class="Class" lookupOnly="true"/>
    <component id="Function" class="Function" lookupOnly="true"/>
    <component id="RegExp" class="RegExp" lookupOnly="true"/>

	<!-- states & overrides -->
    <component id="State" class="mx.states.State"/>
    <component id="SetEventHandler" class="mx.states.SetEventHandler"/>
    <component id="SetProperty" class="mx.states.SetProperty"/>
    <component id="SetStyle" class="mx.states.SetStyle"/>
    <component id="AddChild" class="mx.states.AddChild"/>
    <component id="RemoveChild" class="mx.states.RemoveChild"/>
    <component id="Transition" class="mx.states.Transition"/>
    
    <!-- graphics -->
    <component id="LinearGradient" class="mx.graphics.LinearGradient"/>
    <component id="RadialGradient" class="mx.graphics.RadialGradient"/>
    <component id="GradientEntry" class="mx.graphics.GradientEntry"/>
    <component id="Stroke" class="mx.graphics.Stroke"/>
    <component id="LinearGradientStroke" class="mx.graphics.LinearGradientStroke"/>
    <component id="SolidColor" class="mx.graphics.SolidColor"/>
    <component id="BitmapFill" class="mx.graphics.BitmapFill"/>

</componentPackage>
